,City,Country,Latitude,Longtitude,Max Temp,Humidity,Cloudiness,Wind Speed,Date
0,Ostrovnoy,RU,68.0531,39.5131,-5.91,91,24,4.41,1613240153
1,Torbay,CA,47.6666,-52.7314,28.99,63,75,14.97,1613240111
2,Butaritari,KI,3.0707,172.7902,81.23,76,75,6.62,1613240121
3,Portland,US,45.5234,-122.6762,28.4,80,90,17.27,1613239819
4,Ponta do Sol,PT,32.6667,-17.1,60.01,71,0,3.0,1613240116
5,Ushuaia,AR,-54.8,-68.3,42.8,93,90,3.44,1613240081
6,Jamestown,US,42.097,-79.2353,25.0,53,90,8.05,1613239829
7,Saint-Philippe,RE,-21.3585,55.7679,80.6,74,20,12.66,1613240112
8,Avarua,CK,-21.2078,-159.775,78.8,94,20,3.44,1613240110
9,Punta Arenas,CL,-53.15,-70.9167,48.2,71,0,14.97,1613240023
10,Rikitea,PF,-23.1203,-134.9692,79.5,75,7,13.24,1613240106
11,San Cristobal,VE,7.7669,-72.225,87.8,55,40,11.5,1613239903
12,Arraial do Cabo,BR,-22.9661,-42.0278,86.0,78,75,10.36,1613240109
13,Hong Kong,HK,22.2855,114.1577,64.99,85,0,7.16,1613239903
14,Touros,BR,-5.1989,-35.4608,87.8,62,40,16.11,1613240147
15,Kaihua,CN,23.3687,104.28,54.14,91,71,5.79,1613240337
16,Brody,UA,50.0879,25.1503,20.05,97,97,11.99,1613240337
17,Port Elizabeth,ZA,-33.918,25.5701,77.0,88,75,10.36,1613240119
18,Albany,US,42.6001,-73.9662,21.0,32,88,1.01,1613240110
19,Bonanza,NI,14.0289,-84.591,87.51,37,7,4.18,1613240337
20,Funadhoo,MV,6.15,73.2667,81.14,65,10,9.69,1613240337
21,Port Macquarie,AU,-31.4333,152.9167,68.0,86,99,1.99,1613240127
22,Ōzu,JP,33.5,132.55,48.99,84,36,5.59,1613240337
23,Novikovo,RU,51.1537,37.8879,8.4,92,100,12.12,1613240337
24,Fes,MA,34.0372,-4.9998,60.8,67,0,4.61,1613240337
25,Tiksi,RU,71.6872,128.8694,-12.68,90,100,7.18,1613240114
26,Busselton,AU,-33.65,115.3333,62.01,78,15,1.01,1613240107
27,Dawei,MM,14.0833,98.2,66.72,64,21,2.64,1613240337
28,Westport,US,41.1415,-73.3579,30.0,34,75,8.05,1613240116
29,Quatre Cocos,MU,-20.2078,57.7625,80.6,78,40,11.5,1613240338
30,Mar del Plata,AR,-38.0023,-57.5575,69.8,94,90,14.97,1613240118
31,Celestún,MX,20.8667,-90.4,80.15,67,39,12.64,1613240121
32,Skjervøy,NO,70.0311,20.9714,28.49,86,100,15.05,1613240338
33,Marawi,PH,7.9986,124.2928,75.99,92,100,4.0,1613240338
34,Prince Rupert,CA,54.3161,-130.3201,35.6,23,1,4.61,1613240108
35,Butka,RU,56.7179,63.7866,24.78,98,100,7.7,1613240338
36,Qasigiannguit,GL,68.8193,-51.1922,17.6,86,75,12.66,1613240338
37,Panabá,MX,21.2833,-88.2667,85.78,53,37,8.68,1613240338
38,Saint Paul Harbor,US,57.79,-152.4072,35.6,75,90,21.85,1613240116
39,Dikson,RU,73.5069,80.5464,-21.23,88,100,12.1,1613240111
40,Ishinomaki,JP,38.4167,141.3,40.3,71,0,3.38,1613240338
41,Bethel,US,41.3712,-73.414,28.0,39,40,8.05,1613240119
42,Port Alfred,ZA,-33.5906,26.891,75.99,91,98,1.28,1613240105
43,Brae,GB,60.3964,-1.353,39.2,56,90,32.21,1613240139
44,Bafoulabé,ML,13.8065,-10.8321,102.16,8,15,1.03,1613240338
45,Hithadhoo,MV,-0.6,73.0833,82.94,73,70,12.39,1613240113
46,Atuona,PF,-9.8,-139.0333,78.76,78,5,14.79,1613240109
47,Cape Town,ZA,-33.9258,18.4232,75.0,83,20,9.22,1613240058
48,Kānkon,IN,15.0167,74.0167,78.8,65,1,4.61,1613240339
49,Druzhba,UA,52.0428,33.9453,6.39,94,100,12.37,1613240339
50,Hermanus,ZA,-34.4187,19.2345,72.0,81,0,1.01,1613240110
51,Kimbe,PG,-5.5502,150.1429,75.7,91,100,1.45,1613240339
52,Papetoai,PF,-17.4961,-149.8729,78.8,69,75,17.27,1613240339
53,Kudahuvadhoo,MV,2.6708,72.8944,81.34,78,62,14.2,1613240143
54,Hobart,AU,-42.8794,147.3294,53.6,87,16,1.14,1613239988
55,Meulaboh,ID,4.1363,96.1285,78.44,82,66,4.68,1613240105
56,Rach Gia,VN,10.0167,105.0833,73.4,100,40,4.61,1613240339
57,Otane,NZ,-39.8833,176.6333,57.99,94,48,1.32,1613240339
58,Nikolskoye,RU,59.7035,30.7861,14.0,92,75,4.47,1613240117
59,Tonantins,BR,-2.8731,-67.8022,83.05,87,98,4.52,1613240339
60,Provideniya,RU,64.3833,-173.3,8.29,91,100,20.67,1613240128
61,Mehamn,NO,71.0357,27.8492,24.96,88,100,12.08,1613240112
62,Mataura,NZ,-46.1927,168.8643,57.0,77,100,1.01,1613240107
63,Puerto Ayora,EC,-0.7393,-90.3518,86.0,66,40,17.27,1613240112
64,Upernavik,GL,72.7868,-56.1549,0.3,91,86,10.47,1613239917
65,Mahébourg,MU,-20.4081,57.7,80.6,78,40,11.5,1613239852
66,Souillac,MU,-20.5167,57.5167,80.6,78,40,11.5,1613240130
67,Hilo,US,19.7297,-155.09,69.8,83,90,6.91,1613240118
68,Vaini,TO,-21.2,-175.2,78.8,89,20,5.75,1613240106
69,Qaanaaq,GL,77.484,-69.3632,3.9,73,0,8.34,1613240119
70,Kununurra,AU,-15.7667,128.7333,75.2,100,75,3.44,1613240340
71,Naze,JP,28.3667,129.4833,64.89,91,16,20.76,1613240106
72,Vardø,NO,70.3705,31.1107,20.48,93,12,16.49,1613240122
73,Half Moon Bay,US,37.4636,-122.4286,57.2,82,1,12.66,1613240130
74,Pulandian,CN,39.3953,121.9669,39.99,93,75,2.24,1613240340
75,Sobolevo,RU,54.4299,31.8996,10.04,95,100,14.92,1613240340
76,Saldanha,ZA,-33.0117,17.9442,69.8,78,26,8.05,1613240112
77,Mujiayingzi,CN,42.1167,118.7833,17.35,88,100,6.8,1613240340
78,Barrow,US,71.2906,-156.7887,-5.8,77,90,8.05,1613240108
79,Yellowknife,CA,62.456,-114.3525,-11.0,77,75,8.05,1613240055
80,Laurel,US,39.0993,-76.8483,30.0,93,90,6.42,1613240140
81,San Quintín,MX,30.4833,-115.95,59.22,73,68,12.1,1613240340
82,Pisco,PE,-13.7,-76.2167,80.6,57,0,18.41,1613240113
83,Kapaa,US,22.0752,-159.319,73.4,83,40,13.8,1613240109
84,East London,ZA,-33.0153,27.9116,75.2,83,0,9.22,1613240114
85,Adrar,MR,20.5022,-10.0711,79.07,12,0,10.78,1613240341
86,Itagi,BR,-14.1628,-40.0061,86.7,49,56,6.87,1613240341
87,Tuktoyaktuk,CA,69.4541,-133.0374,-16.6,76,75,4.61,1613240117
88,Caravelas,BR,-17.7125,-39.2481,83.25,58,46,9.91,1613240135
89,Solapur,IN,17.6833,75.9167,74.68,28,13,1.03,1613240341
90,Lompoc,US,34.6391,-120.4579,55.4,76,75,13.8,1613240116
91,Codrington,AU,-38.2667,141.9667,57.24,76,32,5.17,1613240141
92,Lethem,GY,3.3803,-59.7968,93.65,42,71,15.57,1613240341
93,Cabo San Lucas,MX,22.8909,-109.9124,75.2,56,1,17.27,1613240121
94,Lebu,CL,-37.6167,-73.65,60.93,73,46,16.73,1613240128
95,Blind River,CA,46.1834,-82.9582,10.4,61,1,12.66,1613240144
96,Lüderitz,NA,-26.6481,15.1594,67.5,76,19,7.61,1613240109
97,Carnarvon,AU,-24.8667,113.6333,77.0,100,75,14.97,1613240106
98,Alberobello,IT,40.7859,17.2372,39.99,100,75,17.27,1613240341
99,Kaitangata,NZ,-46.2817,169.8464,55.0,78,100,3.0,1613240115
100,Afumaţi,RO,44.5167,26.2667,26.01,46,0,5.75,1613240341
101,Mount Gambier,AU,-37.8333,140.7667,51.8,87,90,2.3,1613240117
102,Bluff,NZ,-46.6,168.3333,57.0,77,100,1.01,1613240105
103,Ozernovskiy,RU,51.5,156.5167,22.66,93,100,3.76,1613240342
104,Puerto Escondido,MX,15.85,-97.0667,86.0,74,1,13.8,1613240119
105,Daru,PG,-9.0763,143.2092,79.79,83,100,4.0,1613240342
106,Port Moresby,PG,-9.4431,147.1797,77.0,94,40,5.75,1613240342
107,Hamilton,US,39.1834,-84.5333,28.4,69,90,5.75,1613239830
108,Manadhoo,MV,5.7667,73.3833,80.67,72,11,9.28,1613240342
109,Kroya,ID,-7.6331,109.2461,77.45,86,100,3.47,1613240342
110,Mossamedes,AO,-15.1961,12.1522,76.44,70,77,8.46,1613240126
111,Ritchie,ZA,-29.038,24.6028,75.2,64,0,1.14,1613240342
112,Kahului,US,20.8947,-156.47,73.4,73,40,11.5,1613240125
113,Port Lincoln,AU,-34.7333,135.8667,61.83,75,35,9.89,1613240106
114,Aitape,PG,-3.1374,142.3475,77.76,83,99,4.85,1613240342
115,Tasiilaq,GL,65.6145,-37.6368,32.0,100,90,43.73,1613240109
116,Bredasdorp,ZA,-34.5322,20.0403,71.6,73,1,8.05,1613240106
117,Muzhi,RU,65.3667,64.6667,-27.45,86,14,2.46,1613240119
118,Xining,CN,36.6167,101.7667,29.43,64,0,1.92,1613240343
119,Nouakchott,MR,18.0858,-15.9785,93.2,4,0,14.97,1613240343
120,Karratha,AU,-20.7377,116.8463,80.02,66,0,7.4,1613240140
121,Ballitoville,ZA,-29.539,31.2144,80.01,83,20,5.75,1613240343
122,Hongjiang,CN,27.11,109.9956,55.85,82,78,1.66,1613240343
123,Nabire,ID,-3.3667,135.4833,75.97,89,88,3.85,1613240177
124,Sola,VU,-13.8833,167.55,81.75,77,93,11.36,1613240148
125,Along,IN,28.1667,94.7667,55.15,60,0,1.83,1613240343
126,Phan Thiet,VN,10.9333,108.1,67.48,86,0,5.97,1613240343
127,Beroroha,MG,-21.6667,45.1667,71.53,84,100,9.28,1613240343
128,Prieska,ZA,-29.6641,22.7474,80.58,46,99,13.78,1613240343
129,Shimoda,JP,34.6667,138.95,48.0,76,60,5.95,1613240343
130,Castro,BR,-24.7911,-50.0119,76.86,68,16,5.99,1613240115
131,Norman Wells,CA,65.282,-126.8329,-16.6,76,1,3.44,1613240143
132,Porangatu,BR,-13.4408,-49.1486,83.3,71,100,1.21,1613240343
133,Malumfashi,NG,11.7853,7.6218,75.31,17,2,6.42,1613240343
134,Shingū,JP,33.7333,135.9833,50.38,79,59,4.25,1613240119
135,Severobaykal'sk,RU,55.65,109.3167,-10.68,85,93,2.13,1613240343
136,Simao,CN,22.7886,100.9748,51.96,67,0,1.23,1613240344
137,Clyde River,CA,70.4692,-68.5914,1.4,78,99,8.05,1613239971
138,Punjai Puliyampatti,IN,11.35,77.2,75.2,57,20,3.44,1613240344
139,Iqaluit,CA,63.7506,-68.5145,3.2,60,75,9.22,1613240129
140,Severo-Kuril'sk,RU,50.6789,156.125,24.73,93,87,10.31,1613240127
141,Ukwā,IN,21.9667,80.4667,63.16,31,0,1.79,1613240344
142,Moroni,KM,-11.7022,43.2551,81.52,76,100,12.06,1613240344
143,Arkansas City,US,37.062,-97.0384,12.99,57,20,12.66,1613240344
144,Nelson Bay,AU,-32.7167,152.15,69.01,94,75,6.91,1613240145
145,Mayahi,NE,13.9553,7.6712,80.02,14,0,8.16,1613240344
146,Buala,SB,-8.145,159.5921,79.63,84,90,10.42,1613240133
147,Padang,ID,-0.9492,100.3543,75.2,94,20,2.3,1613240072
148,Constitución,CL,-35.3333,-72.4167,65.89,67,66,7.07,1613240141
149,Tadine,NC,-21.55,167.8833,76.42,83,3,2.28,1613240344
150,Tegul'det,RU,57.3064,88.1667,-8.93,89,100,5.84,1613240344
151,Timrå,SE,62.487,17.3257,30.2,80,75,8.05,1613240344
152,Pindiga,NG,9.9833,10.9333,93.2,12,0,11.5,1613240345
153,Tsimmerbude,RU,54.675,20.1347,33.8,80,75,15.66,1613240345
154,Poum,NC,-20.2333,164.0167,79.65,70,20,5.64,1613240345
155,Atasū,KZ,48.6814,71.6433,19.78,94,0,7.16,1613240345
156,Makakilo City,US,21.3469,-158.0858,73.4,83,1,3.44,1613239870
157,Yumen,CN,40.2833,97.2,30.94,86,92,11.61,1613240119
158,Koutsouras,GR,35.0339,25.9469,60.01,63,18,10.78,1613240345
159,George Town,MY,5.4112,100.3354,82.4,65,20,2.3,1613239855
160,Puerto Nariño,CO,-3.7703,-70.3831,84.2,79,75,3.44,1613240345
161,Tinskoy,RU,56.1525,96.9161,-6.3,91,100,3.36,1613240345
162,Altea,ES,38.5989,-0.0514,60.01,61,41,4.0,1613240345
163,Tabuk,PH,17.4189,121.4443,66.61,85,55,2.62,1613240345
164,Hofn,IS,64.2539,-15.2082,39.61,76,100,25.19,1613240131
165,Grindavik,IS,63.8424,-22.4338,39.2,81,90,27.63,1613240123
166,Taiobeiras,BR,-15.8078,-42.2331,79.43,61,30,4.65,1613240346
167,Olafsvik,IS,64.8945,-23.7142,40.01,73,100,25.88,1613240127
168,Nome,US,64.5011,-165.4064,21.2,68,1,3.44,1613240107
169,Harrisonville,US,38.6533,-94.3488,8.6,56,1,11.5,1613240288
170,Kiryat Gat,IL,31.61,34.7642,60.01,75,0,6.73,1613240142
171,Kikwit,CD,-5.041,18.8162,80.2,63,42,0.51,1613240115
172,Nanticoke,US,41.2054,-76.0049,24.01,51,100,1.01,1613240346
173,Hambantota,LK,6.1241,81.1185,77.47,87,71,8.61,1613240346
174,Kidal,ML,18.4411,1.4078,81.7,13,0,8.7,1613240346
175,At-Bashi,KG,41.1702,75.8106,17.15,78,100,1.23,1613240346
176,Muroto-misakicho,JP,33.2833,134.15,59.7,71,51,11.16,1613240121
177,Pevek,RU,69.7008,170.3133,-17.91,89,73,2.24,1613240125
178,Faanui,PF,-16.4833,-151.75,81.25,69,22,6.42,1613240346
179,Bang Krathum,TH,16.5783,100.3003,82.99,61,16,4.72,1613240346
180,Honningsvåg,NO,70.9821,25.9704,28.04,87,97,14.79,1613240145
181,Mayo,US,38.8876,-76.5119,30.0,93,90,10.36,1613240347
182,Angoche,MZ,-16.2325,39.9086,79.83,84,99,14.09,1613240347
183,Yar-Sale,RU,66.8333,70.8333,-26.43,86,92,1.99,1613240141
184,College,US,64.8569,-147.8028,-20.2,69,20,2.59,1613240069
185,Guatire,VE,10.4762,-66.5427,86.0,70,40,5.75,1613240347
186,Mnogovershinnyy,RU,53.9353,139.9242,6.62,96,95,2.55,1613240347
187,Geraldton,AU,-28.7667,114.6,73.4,88,40,13.8,1613240347
188,Takoradze,GH,4.8845,-1.7554,83.19,79,34,10.8,1613240114
189,Saskylakh,RU,71.9167,114.0833,-24.43,78,99,2.68,1613240105
190,Cocorit,MX,27.5833,-109.9667,69.8,46,20,9.22,1613240347
191,Puerto del Rosario,ES,28.5004,-13.8627,68.0,73,20,16.11,1613240085
192,Talnakh,RU,69.4865,88.3972,-23.19,85,100,2.55,1613240139
193,Kokopo,PG,-4.352,152.2633,78.51,81,93,7.45,1613240347
194,Porto-Novo,BJ,6.4965,2.6036,86.0,84,40,12.66,1613240130
195,Chicama,PE,-7.8447,-79.1469,73.4,78,0,10.36,1613240348
196,Sur,OM,22.5667,59.5289,69.57,72,0,7.2,1613240110
197,Kieta,PG,-6.2167,155.6333,79.3,77,80,4.34,1613240123
198,Kotido,UG,2.9806,34.1331,79.09,37,76,10.98,1613240348
199,Anandpur,IN,31.25,76.5,58.95,48,71,3.91,1613240348
200,Pak Phanang,TH,8.3511,100.202,76.51,76,32,5.3,1613240348
201,Ribeira Grande,PT,38.5167,-28.7,59.0,88,75,31.07,1613240105
202,Palmas Bellas,PA,9.2319,-80.0867,88.0,58,99,8.99,1613240348
203,Sittwe,MM,20.15,92.9,67.84,68,0,7.0,1613240151
204,Corinth,GR,37.9407,22.9573,50.0,66,100,10.0,1613240348
205,Hīt,IQ,33.6416,42.8251,64.0,39,0,3.58,1613240227
206,Laas,IT,46.6166,10.7002,37.4,52,0,5.75,1613240348
207,Clarksville,US,36.5298,-87.3595,24.8,93,90,13.8,1613240348
208,Bellefontaine,US,40.3612,-83.7597,28.0,80,90,10.36,1613240069
209,Narsaq,GL,60.9167,-46.05,46.4,29,75,23.02,1613239869
210,Aytos,BG,42.7,27.25,30.2,55,20,4.61,1613240349
211,Rodrigues Alves,BR,-7.738,-72.6509,86.0,84,75,4.61,1613240349
212,Havelock,US,34.8791,-76.9013,46.99,100,90,9.22,1613240132
213,Malangas,PH,7.6303,123.0317,78.19,84,100,0.49,1613240349
214,Kabompo,ZM,-13.5927,24.2008,67.51,89,32,2.26,1613240349
215,Bambous Virieux,MU,-20.3428,57.7575,80.6,78,40,11.5,1613240108
216,Ancud,CL,-41.8697,-73.8203,69.01,48,75,6.91,1613240125
217,Whitehorse,CA,60.7161,-135.0538,-27.4,68,20,2.3,1613240124
218,Mitsamiouli,KM,-11.3847,43.2844,82.99,78,100,12.55,1613240349
219,Shwebo,MM,22.5667,95.7,69.15,42,0,3.51,1613240349
220,Sidi Ali,DZ,36.0998,0.4206,52.79,91,2,2.75,1613240349
221,Xintai,CN,35.9006,117.7519,48.65,72,100,4.32,1613240349
222,Taseyevo,RU,57.2169,94.8978,-9.81,90,100,2.71,1613240349
223,Salalah,OM,17.0151,54.0924,73.4,68,0,2.3,1613240127
224,Airai,TL,-8.9266,125.4092,61.02,100,81,1.25,1613240106
225,Loandjili,CG,-4.7561,11.8578,84.2,84,40,11.5,1613240349
226,Lagoa,PT,39.05,-27.9833,57.51,82,100,46.08,1613240118
227,North Bend,US,43.4065,-124.2243,51.8,82,90,13.8,1613240148
228,Kruisfontein,ZA,-34.0033,24.7314,75.99,89,100,3.0,1613240126
229,Nanortalik,GL,60.1432,-45.2371,35.1,84,100,3.42,1613240117
230,Uray,RU,60.1247,64.7758,-1.61,93,100,5.68,1613240350
231,Progreso,MX,21.2833,-89.6667,84.2,65,75,6.91,1613240350
232,Kék,HU,48.1167,21.8833,21.7,90,52,5.95,1613240350
233,Río Gallegos,AR,-51.6226,-69.2181,50.0,81,90,21.85,1613239998
234,Presidencia Roque Sáenz Peña,AR,-26.7852,-60.4388,89.53,34,100,4.29,1613240136
235,Lorengau,PG,-2.0226,147.2712,81.18,81,98,8.37,1613240125
236,Lázaro Cárdenas,MX,17.9583,-102.2,77.72,49,19,5.79,1613240137
237,Khotynets,RU,53.1286,35.3966,4.68,95,100,8.16,1613240350
238,Valle Hermoso,MX,25.6667,-97.8333,39.2,100,90,16.11,1613240350
239,Tarabuco,BO,-19.1667,-64.9167,60.03,67,66,8.43,1613240350
240,Phalodi,IN,27.1333,72.3667,66.78,23,0,4.94,1613240350
241,Alamosa,US,37.4695,-105.87,39.2,45,1,3.44,1613240350
242,Ransang,PH,8.9603,117.5828,77.7,84,95,8.14,1613240351
243,Montepuez,MZ,-13.1256,38.9997,71.64,97,100,5.19,1613240351
244,Verkhniy Avzyan,RU,53.5289,57.5372,23.63,95,100,4.43,1613240351
245,Mandurah,AU,-32.55,115.7,77.0,50,10,11.41,1613240351
246,Ponta Delgada,PT,37.7333,-25.6667,64.0,82,75,29.93,1613240351
247,Haines Junction,CA,60.7522,-137.5108,-27.4,68,0,1.14,1613240351
248,Barra Patuca,HN,15.8,-84.2833,84.42,57,1,10.13,1613240351
249,Noumea,NC,-22.2763,166.4572,79.0,100,0,4.61,1613240351
250,New Norfolk,AU,-42.7826,147.0587,53.01,78,13,2.44,1613240116
251,Bima,ID,-8.4667,118.7167,76.1,87,98,2.48,1613240351
252,Zhigansk,RU,66.7697,123.3711,-12.15,89,100,10.63,1613240351
253,Bengkulu,ID,-3.8004,102.2655,77.92,84,100,4.88,1613239945
254,Alice,US,27.7523,-98.0697,37.4,86,90,11.5,1613240351
255,Batemans Bay,AU,-35.7167,150.1833,57.99,86,15,1.99,1613240351
256,Puteyets,RU,65.1716,57.091,-22.65,87,10,4.38,1613240351
257,Jalu,LY,29.0331,21.5482,57.97,36,0,3.76,1613240352
258,Ilulissat,GL,69.2167,-51.1,17.6,86,75,12.66,1613240125
259,Exeter,GB,50.7236,-3.5275,37.99,78,100,1.01,1613240352
260,Kangaatsiaq,GL,68.3065,-53.4641,13.51,93,96,15.21,1613240352
261,Araouane,ML,18.9048,-3.5265,81.5,13,0,5.12,1613240147
262,Yatou,CN,37.15,122.3833,42.98,82,100,4.68,1613240147
263,Machalí,CL,-34.1833,-70.6667,71.6,73,90,6.55,1613240352
264,Vostok,RU,46.4856,135.8833,17.38,98,73,3.36,1613240352
265,Noyabrsk,RU,63.1994,75.4507,-21.71,88,95,5.12,1613240136
266,Tomatlán,MX,19.9333,-105.25,80.22,36,36,5.19,1613240352
267,Cidreira,BR,-30.1811,-50.2056,79.09,69,13,7.02,1613240107
268,Kharp,RU,66.8014,65.8081,-24.75,83,49,2.28,1613240352
269,Srednekolymsk,RU,67.45,153.6833,-23.62,84,0,7.81,1613240352
270,Itarema,BR,-2.9248,-39.9167,86.76,64,20,17.16,1613240134
271,Kalmunai,LK,7.4167,81.8167,77.29,88,98,8.28,1613240137
272,Kungurtug,RU,50.5994,97.5228,-8.07,83,99,1.25,1613240353
273,Havre-St-Pierre,CA,50.2334,-63.5986,14.0,52,1,9.22,1613240119
274,Muros,ES,42.7762,-9.0603,55.99,90,100,13.0,1613240353
275,Nouadhibou,MR,20.931,-17.0347,68.0,73,0,20.71,1613240141
276,Maţāy,EG,28.419,30.7792,61.11,36,0,10.29,1613240353
277,Klaksvík,FO,62.2266,-6.589,37.4,75,75,37.98,1613240123
278,Chokurdakh,RU,70.6333,147.9167,-22.05,76,0,2.13,1613240123
279,Piaçabuçu,BR,-10.4056,-36.4344,83.48,58,20,11.52,1613240353
280,Plettenberg Bay,ZA,-34.0527,23.3716,72.52,93,88,1.81,1613240353
281,Chulym,RU,55.0997,80.9572,-5.01,88,99,10.0,1613240353
282,Nsunga,TZ,-1.1439,31.3947,69.8,88,75,3.42,1613240353
283,Flinders,AU,-34.5833,150.8552,64.99,82,40,4.0,1613240137
284,Longyearbyen,SJ,78.2186,15.6401,8.6,61,75,13.8,1613240125
285,Pochutla,MX,15.7432,-96.4661,88.0,51,20,11.5,1613240353
286,Mackay,AU,-21.15,149.2,73.0,88,93,3.44,1613240353
287,Faya,SA,18.3851,42.4509,62.6,72,0,4.61,1613240353
288,Kavieng,PG,-2.5744,150.7967,82.63,75,99,8.08,1613240120
289,Burnie,AU,-41.0667,145.9167,59.05,86,31,8.16,1613240353
290,Batagay-Alyta,RU,67.8006,130.4114,-11.7,80,34,0.92,1613240354
291,Inhambane,MZ,-23.865,35.3833,82.4,83,75,18.41,1613240354
292,Ashland,US,40.8167,-82.2665,26.01,63,90,10.36,1613240354
293,Newark,US,40.7357,-74.1724,28.99,50,90,14.97,1613240055
294,Yerbogachën,RU,61.2767,108.0108,-28.61,85,70,1.21,1613240354
295,Kargasok,RU,59.0556,80.8572,-2.94,92,100,7.7,1613240354
296,São Filipe,CV,14.8961,-24.4956,73.58,66,0,10.83,1613240110
297,Don Luan,VN,11.5333,106.9167,67.17,84,5,3.13,1613240354
298,Arrondissement de Lannion,FR,48.75,-3.4167,39.2,81,90,17.27,1613240354
299,Lagoa Vermelha,BR,-28.2086,-51.5258,76.21,72,68,5.21,1613240354
300,Saint George,US,37.1041,-113.5841,53.01,57,75,8.05,1613240112
301,Anloga,GH,5.7947,0.8973,86.0,79,75,8.05,1613240354
302,Lobito,AO,-12.3481,13.5456,78.04,72,0,6.29,1613240354
303,Daşoguz,TM,41.8363,59.9666,44.6,70,0,9.22,1613240354
304,Kingston,JM,17.997,-76.7936,84.2,65,40,26.46,1613240354
305,São Tomé,ST,0.3365,6.7273,87.8,74,75,11.5,1613240355
306,Sheboygan,US,43.7333,-87.9334,7.0,78,90,12.66,1613240230
307,Henties Bay,NA,-22.116,14.2845,68.25,89,79,4.68,1613240123
308,Amahai,ID,-3.3333,128.9167,78.85,80,100,4.14,1613240355
309,Söderhamn,SE,61.3037,17.0592,28.99,71,82,3.0,1613240355
310,Rawson,AR,-43.3002,-65.1023,85.78,38,26,27.69,1613240121
311,Molėtai,LT,55.2333,25.4167,23.0,93,90,10.36,1613240355
312,Tsumeb,NA,-19.2333,17.7167,67.55,84,40,9.75,1613240355
313,Leningradskiy,RU,69.3833,178.4167,-14.12,86,100,1.83,1613240126
314,Uspenskoye,RU,44.8311,41.3927,23.0,86,90,6.71,1613240355
315,Oistins,BB,13.0667,-59.5333,84.2,54,20,24.16,1613240104
316,Zhezkazgan,KZ,47.8043,67.7144,17.26,95,0,9.22,1613240355
317,Dehlorān,IR,32.6941,47.2679,62.56,37,0,3.0,1613240355
318,Savé,BJ,8.0425,2.486,97.59,23,36,4.41,1613240355
319,Høyanger,NO,61.2204,6.0749,17.6,45,0,3.44,1613240355
320,Monticello,US,45.3055,-93.7941,-4.0,50,75,4.61,1613240115
321,Byron Bay,AU,-28.65,153.6167,73.4,94,90,10.36,1613240133
322,Nicoya,CR,10.1483,-85.452,91.4,38,40,11.5,1613240356
323,Ayan,RU,56.45,138.1667,16.59,96,100,6.4,1613240137
324,Aksarka,RU,66.5606,67.7975,-28.39,86,86,1.3,1613240356
325,Coahuayana Viejo,MX,18.7333,-103.6833,69.8,56,40,5.57,1613240356
326,Impfondo,CG,1.6381,18.0667,85.51,49,96,1.05,1613240356
327,Pacific Grove,US,36.6177,-121.9166,54.0,94,90,10.36,1613240118
328,Namatanai,PG,-3.6667,152.4333,79.5,83,100,5.41,1613240356
329,Forsytheganj,BY,52.6333,29.7333,12.72,92,100,13.85,1613240147
330,Ürümqi,CN,43.801,87.6005,17.6,86,77,3.04,1613240356
331,Khromtau,KZ,50.2503,58.4347,20.59,96,97,14.05,1613240356
332,Samarai,PG,-10.6167,150.6667,81.52,75,98,7.18,1613240132
333,Payo,ID,-3.7508,103.6372,74.23,95,100,1.01,1613240356
334,Khatanga,RU,71.9667,102.5,-30.06,84,72,9.15,1613240113
335,Butterworth,MY,5.3991,100.3638,84.0,73,20,3.44,1613240356
336,Dingle,PH,10.9995,122.6711,75.33,91,100,6.02,1613240127
337,Papara,BR,-3.9839,-38.7273,86.0,70,75,16.11,1613240356
338,Baghdad,IQ,33.3406,44.4009,62.6,63,0,2.3,1613240138
339,Tobermory,CA,45.2501,-81.6665,12.2,85,100,20.71,1613240357
340,Cayenne,GF,4.9333,-52.3333,84.2,74,90,17.27,1613239916
341,Bubaque,GW,11.2833,-15.8333,79.02,72,10,14.07,1613240357
342,Kovūr,IN,14.4833,79.9833,69.01,71,45,3.36,1613240357
343,Ihosy,MG,-22.4,46.1167,69.13,87,99,7.07,1613240357
344,Maragogi,BR,-9.0122,-35.2225,81.79,72,81,12.03,1613240357
345,Broome,US,42.2506,-75.833,26.01,35,1,4.61,1613240357
346,Abancay,PE,-13.6339,-72.8814,57.2,67,75,5.75,1613240357
347,Itapagé,BR,-3.6867,-39.5861,91.49,44,38,9.75,1613240357
348,San Fernando del Valle de Catamarca,AR,-28.4696,-65.7852,88.0,51,7,1.99,1613240148
349,Luebo,CD,-5.35,21.4167,76.82,72,60,1.74,1613240357
350,São Gabriel da Cachoeira,BR,-0.1303,-67.0892,89.6,62,40,3.44,1613240357
351,Monterey,US,36.2505,-121.2516,53.01,1,100,1.99,1613240357
352,Port Hardy,CA,50.6996,-127.4199,32.0,93,90,10.36,1613240105
353,Esperance,AU,-33.8667,121.9,62.6,77,72,9.22,1613240136
354,Telimele,GN,10.9167,-13.3333,98.56,13,0,1.83,1613240358
355,Lumberton,US,34.6182,-79.0086,39.2,100,90,6.91,1613240358
356,Marapanim,BR,-0.7175,-47.6997,82.71,85,96,7.29,1613240358
357,Slave Lake,CA,55.2834,-114.769,-4.0,71,1,13.8,1613240358
358,Isangel,VU,-19.55,169.2667,77.07,80,1,3.91,1613240129
359,Kloulklubed,PW,7.0419,134.2556,77.0,94,75,3.44,1613240358
360,Sitka,US,57.0531,-135.33,32.0,47,20,8.05,1613240122
361,Vanimo,PG,-2.6741,141.3028,77.38,85,96,4.23,1613240358
362,Tumut,AU,-35.3,148.2167,60.8,88,14,6.91,1613240358
363,São Joaquim,BR,-28.2939,-49.9317,81.0,100,100,2.89,1613240358
364,Katsuura,JP,35.1333,140.3,57.99,61,46,5.01,1613240122
365,Praia,CV,14.9215,-23.5087,75.2,60,20,20.71,1613240127
366,Denizli Province,TR,37.8402,29.0698,41.0,60,0,1.14,1613240358
367,Saint-Pierre,RE,-21.3393,55.4781,80.6,74,20,12.66,1613240113
368,Hervey Bay,AU,-25.2986,152.8535,78.01,74,84,3.0,1613240126
369,Tessalit,ML,20.1986,1.0114,75.7,16,3,0.63,1613240358
370,Korla,CN,41.7597,86.1469,37.71,70,91,13.69,1613240124
371,Tākestān,IR,36.0696,49.6959,48.2,40,0,4.61,1613240359
372,Altay,CN,47.8667,88.1167,8.37,71,0,2.06,1613240134
373,Niono,ML,14.2526,-5.993,92.3,11,0,4.14,1613240359
374,Charlestown,AU,-32.95,151.6667,66.0,91,71,11.14,1613240182
375,Aklavik,CA,68.2191,-135.0107,-18.4,83,40,2.3,1613240107
376,Atar,MR,20.5169,-13.0499,83.95,11,0,16.51,1613240171
377,Nayoro,JP,44.3506,142.4578,30.33,96,97,5.17,1613240359
378,Chara,RU,56.9064,118.2631,-14.69,80,100,1.39,1613240359
379,Marovoay,MG,-16.1,46.6333,78.8,83,40,5.75,1613240359
380,Guanare,VE,9.0418,-69.7421,93.15,40,56,4.92,1613240359
381,Bilma,NE,18.6853,12.9164,73.98,19,0,5.08,1613240359
382,Diu,IN,20.7141,70.9822,67.66,74,0,11.61,1613240359
383,Menongue,AO,-14.6585,17.691,67.26,52,0,2.28,1613240130
384,Ankang,CN,32.68,109.0172,48.0,46,8,8.99,1613240359
385,Bani Walid,LY,31.7566,13.9942,62.17,45,0,16.37,1613240360
386,Saint-François,FR,46.4154,3.9054,28.0,74,0,3.44,1613240120
387,Sioux Lookout,CA,50.1001,-91.917,-14.8,64,20,3.44,1613240107
388,San Patricio,US,28.017,-97.5169,35.6,80,90,16.11,1613240128
389,Puri,IN,19.8,85.85,73.4,83,29,6.91,1613240360
390,Honiara,SB,-9.4333,159.95,78.67,83,100,5.12,1613240120
391,Thompson,CA,55.7435,-97.8558,-18.4,69,40,3.44,1613240116
392,Guerrero Negro,MX,27.9769,-114.0611,60.75,67,88,14.72,1613239898
393,Makokou,GA,0.5738,12.8642,75.38,86,79,3.27,1613240360
394,Comodoro Rivadavia,AR,-45.8667,-67.5,82.4,14,0,17.27,1613240118
395,Perelyub,RU,51.8667,50.3667,22.15,95,100,12.88,1613240360
396,Necochea,AR,-38.5473,-58.7368,73.99,80,100,8.99,1613240360
397,Bandarbeyla,SO,9.4942,50.8122,74.84,71,1,13.82,1613240126
398,Coyhaique,CL,-45.5752,-72.0662,66.2,39,40,10.36,1613240360
399,San Matías,BO,-16.3667,-58.4,87.03,68,77,7.61,1613240360
400,Bay Roberts,CA,47.5999,-53.2648,30.0,68,43,5.99,1613240360
401,Manta,EC,-0.95,-80.7333,82.4,74,20,8.05,1613240360
402,Fredericksburg,US,38.3032,-77.4605,30.2,86,90,5.68,1613240127
403,Zonguldak,TR,41.25,31.8333,24.69,97,99,2.77,1613240071
404,Xuanwu,CN,32.069,118.8138,55.99,87,17,4.47,1613240361
405,Belaya Gora,RU,68.5333,146.4167,-27.81,79,0,1.9,1613240361
406,Borogontsy,RU,62.6683,131.1683,-11.88,89,100,5.26,1613240361
407,Laguna,US,38.421,-121.4238,61.0,72,1,9.22,1613240134
408,Demyansk,RU,57.643,32.466,6.84,90,100,10.04,1613240361
409,Acaraú,BR,-2.8856,-40.12,86.65,65,30,17.74,1613240361
410,Houma,US,29.5958,-90.7195,45.0,76,90,18.41,1613240131
411,Harboøre,DK,56.6175,8.1807,26.01,74,0,2.3,1613240361
412,Kilindoni,TZ,-7.9139,39.6668,82.44,81,59,15.64,1613240361
413,Malindi,KE,-3.2175,40.1191,79.11,81,28,12.73,1613240361
414,Escanaba,US,45.7453,-87.0646,10.99,72,90,9.22,1613240070
415,Moree,AU,-29.4667,149.85,66.2,94,1,8.05,1613240361
416,Vila Velha,BR,-20.3297,-40.2925,87.01,62,40,14.97,1613240106
417,Poya,NC,-21.35,165.15,74.19,83,0,2.8,1613240361
418,Mahon,ES,39.8885,4.2658,50.0,87,40,5.75,1613240361
419,Gurjaani,GE,41.7429,45.8011,48.7,48,94,10.8,1613240361
420,City of San Pedro,PH,14.35,121.0167,78.01,88,75,1.14,1613240362
421,Kizhinga,RU,51.8462,109.9097,-11.94,86,48,3.49,1613240362
422,Soloneshnoye,RU,51.6544,84.3197,10.67,86,76,3.62,1613240362
423,Chipinge,ZW,-20.1883,32.6236,65.03,100,84,2.51,1613240362
424,Mezen',RU,65.8522,44.24,-4.22,91,100,5.44,1613240362
425,Barra,BR,-11.0894,-43.1417,89.01,43,43,2.66,1613240362
426,Micheweni,TZ,-4.9667,39.8333,81.25,79,1,15.59,1613240362
427,Jarosław,PL,50.0162,22.6778,27.0,92,100,8.01,1613240362
428,Tilichiki,RU,60.4667,166.1,-18.6,86,36,10.71,1613240135
429,La Quinta,US,33.6634,-116.31,68.0,45,1,9.22,1613240362
430,Mont-Dore,NC,-22.2833,166.5833,79.0,99,20,2.86,1613240362
431,Zomin,UZ,39.9606,68.3958,50.14,55,0,2.53,1613240362
432,Gamba,GA,-2.65,10.0,77.22,83,100,2.68,1613240146
433,Xichang,CN,27.8964,102.2634,48.9,70,81,3.29,1613240362
434,Biak,ID,-0.9131,122.8766,76.59,79,99,3.0,1613240363
435,Howard Springs,AU,-12.497,131.047,78.8,94,75,4.61,1613240363
436,Hudiksvall,SE,61.729,17.1036,27.0,71,90,3.0,1613240363
437,Evensk,RU,61.95,159.2333,-9.8,76,0,6.91,1613239930
438,Hasaki,JP,35.7333,140.8333,46.4,81,40,4.61,1613240134
439,Gander,CA,48.9682,-54.5906,23.0,68,90,17.27,1613240363
440,Muravlenko,RU,63.7898,74.523,-25.74,87,88,5.57,1613240363
441,Grootfontein,NA,-19.5667,18.1167,67.06,80,33,10.0,1613240129
442,Luanda,AO,-8.8368,13.2343,82.4,69,20,10.36,1613239994
443,Mosquera,CO,4.7059,-74.2302,66.2,45,75,8.05,1613240363
444,Bayir,TR,37.2687,28.2167,46.4,87,75,3.44,1613240363
445,Kumul,CN,42.8,93.45,34.0,82,100,10.04,1613240106
446,Aberdeen,GB,57.1437,-2.0981,35.01,60,100,35.68,1613240363
447,Buraidah,SA,26.326,43.975,69.8,46,40,3.44,1613240111
448,Savonlinna,FI,61.8699,28.88,17.6,86,75,1.14,1613240363
449,Inuvik,CA,68.3499,-133.7218,-4.0,77,100,2.3,1613240363
450,Suez,EG,29.9737,32.5263,62.91,53,0,11.27,1613240364
451,Boromo,BF,11.75,-2.9333,95.32,9,0,6.67,1613240364
452,Phonhong,LA,18.5007,102.4166,69.69,72,5,1.97,1613240364
453,Siilinjärvi,FI,63.0833,27.6667,6.8,92,0,1.14,1613240364
454,Erenhot,CN,43.6475,111.9767,8.26,95,98,9.42,1613240364
455,Owando,CG,-0.4819,15.8999,76.98,79,96,2.01,1613240120
456,Hirara,JP,24.8,125.2833,70.83,81,2,10.67,1613240144
457,Little Current,CA,45.9793,-81.9248,8.01,51,100,8.05,1613240364
458,Santa Rosa,PH,14.3122,121.1114,78.01,88,75,1.14,1613240364
459,Martapura,ID,-3.4167,114.85,73.4,100,75,5.75,1613240364
460,Laichow,CN,37.1717,119.9214,45.57,70,100,8.28,1613240364
461,Beitbridge,ZW,-22.2167,30.0,78.66,66,88,3.91,1613240364
462,Los Llanos de Aridane,ES,28.6585,-17.9182,68.0,68,75,12.66,1613240128
463,Lavrentiya,RU,65.5833,-171.0,1.0,90,100,12.57,1613239930
464,Maun,BW,-19.9833,23.4167,75.2,94,40,3.44,1613240365
465,Correntina,BR,-13.3433,-44.6367,83.86,62,91,5.97,1613240365
466,Williston,US,48.147,-103.618,-14.01,68,12,1.01,1613240365
467,Soto la Marina,MX,23.7667,-98.2167,52.0,79,84,11.01,1613240365
468,El Salvador,SV,13.8333,-88.9167,89.6,51,40,6.91,1613240165
469,Menzel Salem,TN,35.8567,8.4765,48.2,66,75,18.41,1613240365
470,Goderich,CA,43.7501,-81.7165,17.6,67,100,11.5,1613240131
471,Massaguet,TD,12.4755,15.4365,91.4,13,0,4.61,1613240365
472,Coquimbo,CL,-29.9533,-71.3436,68.0,68,75,9.22,1613239947
473,Iskateley,RU,67.6803,53.1512,-16.62,89,50,5.3,1613240125
474,Bathsheba,BB,13.2167,-59.5167,84.2,54,20,24.16,1613240117
475,Polunochnoye,RU,60.8697,60.4153,-9.15,91,100,5.93,1613240365
476,Gogrial,SS,8.5332,28.1004,85.46,15,43,4.16,1613240365
477,Tanete,ID,-3.9443,119.7848,75.61,85,100,2.73,1613240365
478,Hirado,JP,33.3597,129.5531,60.01,63,48,10.0,1613240365
479,Neftçala,AZ,39.3742,49.2472,44.71,75,0,13.38,1613240366
480,Ketchikan,US,55.3422,-131.6461,35.6,47,1,5.75,1613240124
481,Alanya,TR,36.5438,31.9998,53.6,87,20,4.61,1613240315
482,Stornoway,GB,58.2093,-6.3865,39.2,65,90,25.32,1613240366
483,Hay River,CA,60.8156,-115.7999,-4.0,71,1,10.36,1613240214
484,Iranshahr,IR,27.2025,60.6848,64.4,20,0,5.1,1613240366
485,West Wendover,US,40.7391,-114.0733,39.2,87,90,1.57,1613240366
486,Stony Plain,CA,53.5334,-114.0021,-5.8,84,1,7.63,1613240366
487,Tura,IN,25.5198,90.2201,62.94,46,0,1.25,1613240112
488,Arrondissement de Saint-Denis,FR,48.9167,2.3333,30.2,47,0,8.05,1613240366
489,Aketi,CD,2.7388,23.7833,83.5,27,6,1.68,1613240366
490,Balkanabat,TM,39.5108,54.3671,55.78,53,87,6.91,1613240140
491,Madimba,TZ,-10.4,40.3333,78.8,89,75,13.8,1613240366
492,Palmer,US,42.1584,-72.3287,28.99,35,100,1.01,1613240279
493,Melo,UY,-32.3667,-54.1833,82.0,58,37,7.09,1613240366
494,Taguatinga,BR,-12.3857,-46.5711,84.81,67,91,3.42,1613240366
495,Fortuna,US,40.5982,-124.1573,51.01,93,90,8.05,1613240115
496,Wagar,SD,16.1525,36.2032,79.03,42,0,11.05,1613240367
497,Wuwei,CN,37.9281,102.6414,33.96,78,58,0.31,1613240146
498,Goundam,ML,16.4145,-3.6708,86.02,12,0,2.39,1613240367
499,Weleri,ID,-6.9713,110.0666,78.6,78,100,3.8,1613240083
500,Traralgon,AU,-38.1833,146.5333,54.0,87,26,0.63,1613240367
501,Khovd,MN,48.0056,91.6419,5.95,90,0,1.3,1613240115
502,Rome,US,43.2128,-75.4557,21.99,45,20,3.44,1613240170
503,Cabedelo,BR,-6.9811,-34.8339,86.0,70,40,17.27,1613240120
504,Beringovskiy,RU,63.05,179.3167,-0.4,92,100,20.31,1613239930
505,Walvis Bay,NA,-22.9575,14.5053,69.8,78,54,8.05,1613240367
506,Swan River,CA,52.1058,-101.2676,-27.4,56,18,5.75,1613240367
507,Funchal,PT,32.6333,-16.9,62.6,67,20,3.44,1613240240
508,São João da Barra,BR,-21.6403,-41.0511,84.2,65,75,16.11,1613240367
509,Waingapu,ID,-9.6567,120.2641,78.51,81,100,5.41,1613240367
510,Megion,RU,61.0296,76.1136,-0.4,78,100,4.47,1613240367
511,Craig,US,40.5153,-107.5464,35.6,75,90,5.75,1613240367
512,Nueve de Julio,AR,-35.4444,-60.8831,80.01,68,90,1.99,1613240101
513,Yangjiang,CN,21.85,111.9667,61.68,76,34,2.04,1613240151
514,Christchurch,NZ,-43.5333,172.6333,57.0,100,40,4.61,1613240115
515,Snezhnogorsk,RU,69.1933,33.2531,-22.0,69,0,4.47,1613240139
516,Mount Isa,AU,-20.7333,139.5,77.0,100,75,5.75,1613240138
517,Smithers,CA,54.7804,-127.1743,-2.2,78,20,3.44,1613240368
518,Taoudenni,ML,22.6783,-3.9836,81.19,13,0,9.8,1613240368
519,Kamaishi,JP,39.2667,141.8833,43.65,71,63,6.38,1613240368
520,Vanavara,RU,60.34,102.2797,-24.65,86,84,1.23,1613240146
521,Pasni,PK,25.2631,63.471,70.65,71,0,6.91,1613240368
522,Ust-Tsilma,RU,65.441,52.1498,-15.12,89,37,1.88,1613240131
523,Cherskiy,RU,68.75,161.3,-13.2,81,10,7.92,1613240117
524,Sørland,NO,67.667,12.6934,30.38,88,100,10.94,1613240123
525,Iskandar,UZ,41.5539,69.7008,44.6,81,36,4.61,1613240368
526,Creel,MX,27.75,-107.6333,44.92,57,14,11.48,1613240368
527,Conceição do Araguaia,BR,-8.2578,-49.2647,87.48,67,92,1.54,1613240134
528,Paamiut,GL,61.994,-49.6678,20.07,94,90,25.93,1613240120
529,Dafeng,CN,23.4517,108.5881,64.98,66,55,2.04,1613240368
530,Azanka,RU,58.0401,64.7893,13.8,97,100,4.94,1613240369
531,Itupiranga,BR,-5.1347,-49.3267,82.4,100,90,1.14,1613240369
532,Monroe,US,43.1501,-77.6831,19.99,67,75,12.66,1613240369
533,São José da Coroa Grande,BR,-8.8978,-35.1478,80.98,74,80,11.68,1613240369
534,Buin,CL,-33.7333,-70.75,81.0,60,40,5.75,1613240369
535,Tuatapere,NZ,-46.1333,167.6833,57.0,77,100,1.01,1613240110
536,Tolmachëvo,RU,54.9824,82.7363,-2.2,60,75,6.71,1613240369
537,Alice Springs,AU,-23.7,133.8833,69.8,83,90,5.75,1613239997
538,Chik,RU,54.9928,82.4311,-2.2,60,75,6.71,1613240369
539,Mora,CM,11.0461,14.1401,76.14,17,3,4.76,1613240369
540,Labuhan,ID,-6.8844,112.2051,77.22,87,100,7.63,1613240144
541,Praia da Vitória,PT,38.7333,-27.0667,62.6,88,75,30.91,1613240369
542,Raudeberg,NO,61.9875,5.1352,30.2,51,4,12.66,1613240369
543,Bilibino,RU,68.0546,166.4372,-15.27,83,82,7.23,1613240115
544,Jieshi,CN,22.8134,115.8257,64.99,83,52,13.53,1613240369
545,Deputatsky,RU,69.3,139.9,-31.94,86,78,1.95,1613240369
546,Rumboci,BA,43.8322,17.5011,32.0,49,40,8.05,1613240370
547,Las Choapas,MX,17.9333,-94.0833,77.0,69,90,7.23,1613240370
548,Okha,RU,53.5739,142.9478,13.12,97,98,5.1,1613240370
549,Saulkrasti,LV,57.2622,24.4147,32.0,80,90,14.97,1613240370
550,Zhangye,CN,38.9342,100.4517,32.68,77,14,3.38,1613240370
551,Saint-Joseph,RE,-21.3667,55.6167,80.6,74,20,12.66,1613240370
552,Quilmaná,PE,-12.95,-76.3833,80.44,49,12,7.83,1613240370
553,Calderitas,MX,18.55,-88.25,80.6,78,75,11.5,1613240370
554,Tlaxco,MX,19.6167,-98.1167,60.8,20,1,25.32,1613240370
555,Ixtapa,MX,20.7,-105.2,73.99,68,40,6.91,1613240131
556,Caraz,PE,-9.0486,-77.81,70.74,47,63,7.31,1613240370
557,Pelotas,BR,-31.7719,-52.3425,82.4,65,75,8.05,1613240222
558,Mahibadhoo,MV,3.7833,72.9667,80.92,73,6,13.58,1613240370
559,Buloh Kasap,MY,2.5536,102.764,77.0,88,20,4.61,1613240371
560,Lancaster,US,40.2504,-76.2499,28.4,43,90,9.22,1613240355
561,Mogadishu,SO,2.0371,45.3438,76.86,78,94,21.94,1613240119
562,Avera,US,33.194,-82.5271,41.0,96,90,8.05,1613240127
563,Gambo,CF,4.6482,22.2633,81.14,22,34,0.98,1613240371
564,Yulara,AU,-25.2406,130.9889,73.4,64,90,9.22,1613240371
565,Aktau,KZ,43.65,51.2,37.4,81,90,13.42,1613240371
566,Usinsk,RU,65.9939,57.5281,-23.76,87,3,3.85,1613240124
567,Rapid Valley,US,44.0625,-103.1463,-4.0,59,1,3.44,1613240198
568,Haicheng,CN,40.8516,122.7475,30.47,97,100,12.75,1613240171
569,Hearst,CA,49.6835,-83.6665,-2.2,55,100,8.05,1613240133
570,Phalaborwa,ZA,-23.943,31.1411,73.4,100,97,6.91,1613240371
571,Anzhero-Sudzhensk,RU,56.081,86.0285,-7.6,71,90,11.18,1613240371
